Tier	Kind	RelativePath	Entity	EntitySignal	Fields	Lookups	LookupReadCount	LookupReadTables	Components	SuggestedModule	Procs	VbLoc	MigratedTo
A	with lookups	Inventory/i_UnitOfMeasurement.aspx	i_unitofmeasurement	entity	2	0	1	i_item		(no module yet)	1	642	
A	pure	HO/Admin/a_Module.aspx	a_module	header	3	0	0			Administration	0	372	/Administration/Module
A	pure	HO/b_MailInfo.aspx	b_mailinfo	entity	3	0	0			Bank / General	1	377	
A	pure	HO/bank/g_Circle.aspx	g_circle	entity	3	0	0			Bank / General	1	326	
A	pure	HO/bank/g_Relation.aspx	g_relation	bllc	2	0	0			Bank / General	0	200	
A	pure	HO/bank/g_Step.aspx	g_step	bllc	2	0	0			Bank / General	0	222	
A	pure	HR/h_DiscipAction.aspx	h_discipaction	bllc	1	0	0			HR	1	275	
A	pure	HR/h_Qualification.aspx	h_qualification	entity	1	0	0			HR	0	360	
A	with lookups	RetailBanking/Legal/lg_ActivityMaster.aspx	lg_activitymaster	entity	3	0	3	lg_section, lg_suitcase, lg_suitcasehistory		RetailBanking	1	493	
A	with lookups	RetailBanking/Legal/lg_Section.aspx	lg_section	entity	3	0	2	lg_suitcase, lg_suitcasehistory		RetailBanking	1	368	
A	pure	RetailBanking/c_Community.aspx	c_community	header	1	0	0			RetailBanking	0	350	
B	pure	Helpdesk/hd_EmailConfig.aspx	hd_emailconfig	header	7	0	0			(no module yet)	1	631	
B	with lookups	Inventory/i_Depriciation.aspx	i_depriciation	entity+bllc	3	1	2	b_financialyear, g_inventorycategory	record picker, date picker	(no module yet)	1	723	
B	with lookups	Inventory/i_Item.aspx	i_item	entity	3	0	8	g_inventorycategory, i_assetdisposal, i_depriciation, i_depriciationcalculation, i_inventoryregisterdetail, i_itempurchasedetail, i_object, i_objectdetail	record picker, date picker	(no module yet)	2	970	
B	with lookups	Inventory/i_Object.aspx	i_object	entity+bllc	2	0	2	g_inventorycategory, i_item	record picker	(no module yet)	1	607	
B	with lookups	Inventory/i_ObjectDetail.aspx	i_objectdetail	bllc	3	0	2	g_inventorycategory, i_item	record picker	(no module yet)	0	517	
B	with lookups	Reconciliation/re_ReconciliationRollBack.aspx	re_oledgerauthentication	proc	4	1	6	b_financialyear, b_workingdate, g_currency, re_account, re_oledger, re_tledger	record picker	(no module yet)	4	479	
B	with lookups	Treasury/Masters/tr_BankAccounts.aspx	tr_bankaccounts	entity	3	0	3	b_account, g_accounthead, g_globalclient	record picker	(no module yet)	1	445	
B	pure	Treasury/Masters/tr_Broker.aspx	tr_broker	header	4	0	0		record picker, date picker	(no module yet)	1	404	
B	with lookups	Treasury/Masters/tr_ClientLimit.aspx	tr_clientlimit	entity+sql	1	0	4	g_currency, g_globalclient, tr_customer, tr_product	record picker, date picker	(no module yet)	1	660	
B	with lookups	Treasury/Masters/tr_CurrencyGLMapping.aspx	tr_currencyglmapping	header	0	0	2	g_accounthead, g_currency	record picker	(no module yet)	1	469	
B	with lookups	Treasury/Masters/tr_DealType.aspx	tr_dealtype	header	2	0	1	g_currency	record picker	(no module yet)	1	467	
B	with lookups	Treasury/Masters/tr_DealersAddLimit.aspx	tr_dealerlimit	header	3	0	2	a_user, a_userinmodule	record picker, date picker	(no module yet)	1	543	
B	with lookups	Treasury/Masters/tr_DealersLimit.aspx	tr_dealerlimit	header	2	0	2	a_user, a_userinmodule	record picker, date picker	(no module yet)	1	548	
B	with lookups	Treasury/Masters/tr_Holiday.aspx	tr_holiday	entity	1	0	1	g_currency	record picker, date picker	(no module yet)	1	489	
B	with lookups	Treasury/Masters/tr_Product.aspx	tr_product	entity	5	1	1	b_code	record picker, date picker	(no module yet)	1	515	
B	with lookups	Treasury/Masters/tr_RateReasonabilitySpread.aspx	tr_ratereasonabilityspread	entity	7	1	1	tr_product	record picker, date picker	(no module yet)	1	602	
B	with lookups	HO/Admin/a_RoleMaster.aspx	a_role	bllc	1	0	2	a_module, a_userinmodule	record picker	Administration	1	442	/Administration/Role
B	pure	HO/BG/Bg_CommissionRateMaster.aspx	bg_commissionratemaster	proc	4	0	0			Bank / General	2	280	
B	with lookups	HO/BG/Bg_CurrencyGLMapping.aspx	td_bg_currencyglmapping	sql+proc	2	2	1	g_currency	record picker	Bank / General	2	343	
B	with lookups	HO/GlobalClientDocAttach.aspx	g_clientdocmap	entity	3	2	5	b_address, b_doctypecategory, b_documenttype, g_globalclient, g_title	record picker	Bank / General	2	710	
B	pure	HO/Hr/g_Language.aspx	g_language	bllc	6	2	0			Bank / General	0	292	
B	pure	HO/Hr/h_LeaveType.aspx	h_leavetype	bllc	6	0	0			Bank / General	1	328	
B	with lookups	HO/MultiCurrency/g_DenominationUnit.aspx	g_denominationunit	entity	1	0	1	g_currency	record picker, date picker	Bank / General	1	466	
B	with lookups	HO/MultiCurrency/tr_CashCurrencyHead.aspx	tr_cashcurrencyhead	entity+sql	0	0	3	g_accounthead, g_bankvariables, g_currency	record picker	Bank / General	1	2229	
B	with lookups	HO/MultiCurrency/tr_CurrencyGLMapping.aspx	tr_currencyglmapping	header	0	0	2	g_accounthead, g_currency	record picker	Bank / General	1	460	
B	with lookups	HO/ProjectFormulation/P_CreditOfficer.aspx	p_creditofficer	entity	0	0	5	a_user, c_loan, h_employee, p_agencymaster, p_loancase	record picker, date picker	Bank / General	1	699	
B	with lookups	HO/ProjectFormulation/p_Document.aspx	p_document	header	6	0	3	p_loanpurpose, p_scheme, p_schemepurpose	record picker	Bank / General	5	601	
B	pure	HO/ProjectFormulation/p_FeedbackMaster.aspx	p_feedbackmaster	entity	6	2	0			Bank / General	1	336	
B	with lookups	HO/b_CommissionSlab.aspx	b_commissionslab	entity	5	0	3	g_globalclient, g_ngo, g_title	record picker, date picker	Bank / General	0	656	
B	pure	HO/bank/b_ChargesConfig.aspx	b_chargesconfig	entity	2	0	0		record picker	Bank / General	1	540	
B	pure	HO/bank/g_BranchCategory.aspx	g_branchcategory	bllc	4	0	0			Bank / General	0	245	
B	with lookups	HO/bank/g_Notes.aspx	g_notes	entity+sql	2	1	1	g_accounthead	record picker	Bank / General	3	917	
B	pure	HO/bank/g_ServiceStatus.aspx	g_servicestatus	bllc	4	0	0			Bank / General	0	216	
B	with lookups	HO/lc/lc_CurrencyGLMapping.aspx	lc_currencyglmapping	entity+sql	4	4	2	g_accounthead, g_currency	record picker	Bank / General	1	623	
B	pure	HR/g_Bank.aspx	g_bank	bllc	8	0	0			HR	0	293	
B	with lookups	HR/h_ExprHistory.aspx	h_exprhistory	bllc	3	0	1	vw_h_employee	record picker, date picker	HR	0	371	
B	with lookups	HR/h_HonAwardHistory.aspx	h_honawardhistory	bllc	1	0	2	h_honaward, vw_h_employee	record picker, date picker	HR	0	322	
B	with lookups	HR/h_LeaveApplication.aspx	h_leaveapplication	bllc	1	0	3	h_leavecancellation, h_leavetype, vw_h_employee	record picker, date picker	HR	3	601	
B	with lookups	HR/h_PromHistory.aspx	h_promhistory	bllc	0	0	2	g_designation, vw_h_employee	record picker, date picker	HR	4	409	
B	with lookups	Lockers/k_LockerReturn.aspx	l_lockerreturn	header	6	0	3	b_account, g_orgelement, k_lockerreturn	record picker, date picker, account picker	Lockers	2	640	
B	with lookups	Lockers/k_LockerVisiting.aspx	l_lockervisiting	header	8	0	9	b_account, b_workingdate, g_orgelement, k_lockerissue, k_lockermaster, k_lockernotation, k_lockerreturn, k_lockervisiting, vw_b_account	record picker, date picker, account picker	Lockers	3	805	
B	with lookups	HO/bank/g_City.aspx	g_state	bllc	4	0	1	g_city	record picker	Reference	1	469	
B	with lookups	HO/bank/g_District.aspx	g_state	bllc	2	0	1	g_district	record picker	Reference	1	400	/Hr/District
B	pure	HO/bank/g_State.aspx	g_state	entity+bllc	6	0	0			Reference	1	438	/Hr/State
B	pure	HO/retailBanking/b_BankList.aspx	b_banklist	header	4	0	0			RetailBanking	1	424	
B	with lookups	HO/retailBanking/b_Holiday.aspx	b_holiday	bllc+sql	5	2	2	b_financialyear, g_orgelement	date picker	RetailBanking	3	1024	
B	pure	HO/retailBanking/g_BaseRate.aspx	g_baserate	entity+sql	2	0	0		date picker	RetailBanking	1	594	
B	pure	HO/retailBanking/g_PLR.aspx	g_plr	entity+sql	2	0	0		date picker	RetailBanking	1	594	
B	with lookups	HO/retailBanking/x_WHTMaster.aspx	x_whtmaster	entity+sql	4	0	3	g_accounthead, g_bankvariables, g_currency	record picker, date picker	RetailBanking	1	1066	
B	with lookups	RetailBanking/Account/SiTran.aspx	x_fdsitran	sql+proc	7	3	9	b_account, b_banklist, b_branchlist, b_code, cr_main, g_accounthead, x_fdinterestotherbkaccount, x_fdinterestpayment, x_fdpaymentschedule	record picker, date picker	RetailBanking	4	1081	
B	with lookups	RetailBanking/LC/LCTemplate.aspx	lctemplate	proc	7	2	1	b_templateitems		RetailBanking	4	526	
B	with lookups	RetailBanking/Legal/lg_SuitCaseClosing.aspx	lg_suitcase	entity+sql	4	0	10	b_account, b_applicationconfig, b_client, g_accounthead, g_orgelement, lg_activitymaster, lg_consultant, lg_penalcode, lg_section, lg_suitcasehistory	record picker, date picker	RetailBanking	3	1458	
B	pure	RetailBanking/b_DocumentType.aspx	b_documenttype	header	6	0	0		date picker	RetailBanking	2	557	
B	with lookups	RetailBanking/b_Signature_V1.aspx	b_signature	sql	7	2	7	b_account, g_accounthead, g_globalclient, g_title, k_lockerissue, k_lockermaster, vw_b_account	record picker, account picker	RetailBanking	5	2606	
B	with lookups	RetailBanking/b_SpecialInstruction.aspx	b_specialinstruction	proc	3	0	4	b_account, g_accounthead, g_globalclient, g_title	record picker, date picker, account picker	RetailBanking	2	1069	
B	with lookups	RetailBanking/b_SwiftBankAccMap.aspx	b_swiftbankaccmap	sql+proc	2	0	14	a_user, b_account, b_accountagent, b_applicationconfig, b_client, b_code, g_accounthead, g_currency, g_globalaccount, g_globalclient, g_title, vw_b_account, vw_b_client, vw_b_flexiaccount	record picker	RetailBanking	4	687	
B	with lookups	RetailBanking/b_WaiveOff.aspx	b_waiveoff	proc	3	0	2	b_applicationconfig, g_allowdebittransactionaccountheads	record picker, date picker, account picker	RetailBanking	1	635	
B	pure	RetailBanking/npa/b_NPAClassMaster.aspx	b_npaclassmaster	sql	4	0	0			RetailBanking	2	1557	
B	with lookups	RetailBanking/npa/c_NPAMethodMapping.aspx	c_npamethodmapping	sql	0	0	2	c_npamethodmaster, g_accounthead	record picker	RetailBanking	0	919	
B	with lookups	RetailBanking/swift/x_SFTBankCode.aspx	x_sftbankcode	proc	2	0	2	x_sftcountry, x_sftoutward	record picker	RetailBanking	2	348	
C	with lookups	Reconciliation/Re_OutPutType.aspx	re_outputtype	entity+bllc	16	8	1	re_code	record picker	(no module yet)	4	1045	
C	with lookups	Treasury/Masters/tr_Customer.aspx	tr_customer	entity	10	3	4	b_account, b_code, g_currency, g_globalclient	record picker	(no module yet)	1	545	
C	with lookups	HO/Admin/a_CashierLimit.aspx	a_cashierlimit	entity	24	0	5	a_role, a_userrights, a_usertranauthlimit, g_currency, vw_h_employee	record picker	Administration	1	548	
C	with lookups	HO/Admin/a_Menus.aspx	a_menus	header	11	0	3	a_module, a_modulemenumap, a_userrights	record picker	Administration	2	1020	/Administration/Menu
C	with lookups	HO/bank/g_Designation.aspx	g_designation	entity+bllc+proc	14	4	1	b_code	date picker	Bank / General	1	665	
C	with lookups	Lockers/k_LockerIssue.aspx	g_relation	bllc	16	2	9	b_account, b_workingdate, g_bankvariables, g_currency, k_lockerissue, k_lockermaster, k_lockerreturn, k_lockertype, x_whtmaster	record picker, date picker, account picker	Lockers	4	1667	
C	with lookups	RetailBanking/LC/LCPurchase.aspx	lcpurchase	sql+proc	42	2	19	a_user, b_account, b_banklist, b_branchlist, b_branchlistweeklyholiday, b_code, b_workingdate, g_accounthead, g_bankvariables, g_currency, g_globalclient, g_orgelement, g_title, lccollection, x_billcollection, x_billpurchase, x_clearingtransaction, x_ledger, x_transaction	record picker, date picker	RetailBanking	10	2161	
